forecast_as_of,target_week,team,offense_mean,offense_sd,defense_mean,defense_sd
2025-10-07T16:00:00+00:00,6,ARI,-0.005111981840978983,0.09617320042218509,0.00043109308689744216,0.09321259317327063
2025-10-07T16:00:00+00:00,6,ATL,0.007612212209466896,0.09376117751674291,0.02024201758829577,0.09831977713196982
2025-10-07T16:00:00+00:00,6,BAL,0.07331453406708235,0.09916835326859849,-0.06430352478136696,0.09175700443160012
2025-10-07T16:00:00+00:00,6,BUF,0.06479943951015117,0.09357877351155092,0.006618933303984711,0.0969955731078146
2025-10-07T16:00:00+00:00,6,CAR,-0.03749876666637763,0.09397811690347825,-0.02317111152427336,0.09727381311337947
2025-10-07T16:00:00+00:00,6,CHI,-0.03237048310267052,0.09491133463973876,-0.031857571288944814,0.09666937802998117
2025-10-07T16:00:00+00:00,6,CIN,-0.0762828656689722,0.0984039215723266,-0.10885674554355464,0.09189188660396198
2025-10-07T16:00:00+00:00,6,CLE,-0.1182520796010891,0.09295220737184519,0.07443612911827154,0.09791711935161417
2025-10-07T16:00:00+00:00,6,DAL,0.0983683247521565,0.09317467880377313,-0.12082171975393917,0.09426430513460952
2025-10-07T16:00:00+00:00,6,DEN,-0.009330899303119762,0.09464716576044785,0.08389132282566292,0.09515708490717403
2025-10-07T16:00:00+00:00,6,DET,0.05409923785830587,0.09543488788478426,0.03781636255884498,0.09662564081446054
2025-10-07T16:00:00+00:00,6,GB,0.071513483008902,0.09529111204136066,0.04154369172480278,0.09448478887147432
2025-10-07T16:00:00+00:00,6,HOU,-0.03731033292375912,0.09660024335421477,0.040036949229842855,0.09548365878990517
2025-10-07T16:00:00+00:00,6,IND,0.08088946962311976,0.09518531743947184,-0.007969623213955813,0.09644735808837732
2025-10-07T16:00:00+00:00,6,JAX,-0.00047584112148793285,0.0937035308260692,0.028821587498823076,0.09511022633744888
2025-10-07T16:00:00+00:00,6,KC,0.06960239835527206,0.09423059868836882,0.0011180252120727182,0.09637831960342703
2025-10-07T16:00:00+00:00,6,LAC,0.03806638287939886,0.09463627631672064,0.07051407954856954,0.09514922737275557
2025-10-07T16:00:00+00:00,6,LAR,0.050615001911849755,0.09541245358854476,0.028620756441101937,0.09574818361858944
2025-10-07T16:00:00+00:00,6,LV,-0.0622817340016807,0.09572498515826879,0.036661476677945455,0.09553297492743251
2025-10-07T16:00:00+00:00,6,MIA,0.008464694978344331,0.0978357664083499,-0.11367296570577835,0.0952186475731897
2025-10-07T16:00:00+00:00,6,MIN,-0.06653261074525503,0.09617538850703998,0.03541054229882825,0.09631718064846434
2025-10-07T16:00:00+00:00,6,NE,0.03527868232124582,0.09580362247089916,-0.028028888304925257,0.09687342088381821
2025-10-07T16:00:00+00:00,6,NO,-0.028005338769463105,0.09287885177398597,-0.023385700597529094,0.09630925909348757
2025-10-07T16:00:00+00:00,6,NYG,-0.11213716970947803,0.09405380731855585,-0.0040401802366730796,0.09348256102869468
2025-10-07T16:00:00+00:00,6,NYJ,-0.027954460202344034,0.09609977020255649,-0.019143685381007292,0.09510925241937647
2025-10-07T16:00:00+00:00,6,PHI,-0.02409729214757118,0.09555920948632472,0.08224059023646249,0.09495312490445929
2025-10-07T16:00:00+00:00,6,PIT,0.0005952626819163837,0.09792277606243437,-0.06135326385881037,0.09312292069882472
2025-10-07T16:00:00+00:00,6,SEA,0.007785701403429338,0.09626056508237135,0.04760188201425217,0.09371727326004423
2025-10-07T16:00:00+00:00,6,SF,0.03313534193496389,0.09436112568689063,0.038869988365306765,0.09550866931674849
2025-10-07T16:00:00+00:00,6,TB,0.01849141264120595,0.09381774809363734,0.029448613944793436,0.09576836096846537
2025-10-07T16:00:00+00:00,6,TEN,-0.11686917287986635,0.09656254873042242,-0.06303500498785289,0.0953861266061652
2025-10-07T16:00:00+00:00,6,WAS,0.041879448547302814,0.09639447928731149,-0.03468405649614778,0.09457084685480185
2025-10-14T16:00:00+00:00,7,ARI,-0.03524708951543455,0.08722111130507826,0.004128662604902178,0.0853372283796808
2025-10-14T16:00:00+00:00,7,ATL,-0.009595420817269579,0.0920279511360983,0.04394246202996873,0.0965634227537294
2025-10-14T16:00:00+00:00,7,BAL,0.0321757078181959,0.0921585508210436,-0.08392927577456326,0.08437261601673901
2025-10-14T16:00:00+00:00,7,BUF,0.05613447544546342,0.08611721520137,-0.004700276313782238,0.08896261955933053
2025-10-14T16:00:00+00:00,7,CAR,-0.03788993256585964,0.08630067408423026,-0.013251665416107315,0.08963920474958648
2025-10-14T16:00:00+00:00,7,CHI,-0.04757654876003388,0.09320654537714675,-0.016393562649049096,0.09497945004580977
2025-10-14T16:00:00+00:00,7,CIN,-0.09562753178633185,0.09000676309391503,-0.09492869139464051,0.08492480828098653
2025-10-14T16:00:00+00:00,7,CLE,-0.10896270660382922,0.08541483881247809,0.04995022117929727,0.08965060773867632
2025-10-14T16:00:00+00:00,7,DAL,0.10440215915466142,0.08626810934010115,-0.10616446377937906,0.08593479892125422
2025-10-14T16:00:00+00:00,7,DEN,0.014178445117139584,0.08606794229299945,0.08217918545562912,0.08768922152808543
2025-10-14T16:00:00+00:00,7,DET,0.05255542145915765,0.087976552937018,0.036715251060984624,0.08922739763346574
2025-10-14T16:00:00+00:00,7,GB,0.06059943484803361,0.09325858268289064,0.05837608591148305,0.09265479341520362
2025-10-14T16:00:00+00:00,7,HOU,-0.0062349545829175086,0.08772608430838177,0.08293912862236696,0.0892532360780796
2025-10-14T16:00:00+00:00,7,IND,0.09813766792203356,0.08699114196449265,0.015025608588994828,0.08773848333353575
2025-10-14T16:00:00+00:00,7,JAX,0.005112213332563155,0.08661460445846289,-0.003271323206270287,0.08677929934758608
2025-10-14T16:00:00+00:00,7,KC,0.09432152155284289,0.08627067774567727,-0.011836016690651019,0.08857951633829285
2025-10-14T16:00:00+00:00,7,LAC,0.0022166913929675862,0.08665242288790545,0.05053235774874092,0.08766565687085673
2025-10-14T16:00:00+00:00,7,LAR,0.08104192167683466,0.08718236756902029,0.024232726724828308,0.08591211347246595
2025-10-14T16:00:00+00:00,7,LV,-0.06993841938723577,0.08744430904683549,0.01465417985768538,0.08759234621090828
2025-10-14T16:00:00+00:00,7,MIA,-0.008700385089788674,0.08987754899806662,-0.11184203425103281,0.08714641212830247
2025-10-14T16:00:00+00:00,7,MIN,-0.04327615016837599,0.08877384598598585,0.01537435031337769,0.08817404006885803
2025-10-14T16:00:00+00:00,7,NE,0.02777283730817952,0.08835723009473138,-0.03411145812360217,0.08859554844993026
2025-10-14T16:00:00+00:00,7,NO,-0.04740912652251629,0.0849264538496016,-0.020661678692846092,0.08706825069717736
2025-10-14T16:00:00+00:00,7,NYG,-0.1112653379518532,0.08558885651902785,0.012878860827544197,0.08548164058157484
2025-10-14T16:00:00+00:00,7,NYJ,-0.0518528463750664,0.08722443266694951,-0.018624292295176748,0.08775961325921727
2025-10-14T16:00:00+00:00,7,PHI,-0.039154240677185315,0.08791581346695058,0.08678697007589276,0.08622612244737933
2025-10-14T16:00:00+00:00,7,PIT,-0.020291248468131313,0.0962120709391945,-0.043180696677653466,0.09144346183039254
2025-10-14T16:00:00+00:00,7,SEA,0.04971776378597198,0.08858108670685695,0.00971046258320014,0.08600514973824724
2025-10-14T16:00:00+00:00,7,SF,0.029666979609588234,0.08477783093339758,0.02234431022732838,0.08705000891409634
2025-10-14T16:00:00+00:00,7,TB,0.05531445491727181,0.08647943103013965,-0.01919190375107305,0.088496591553532
2025-10-14T16:00:00+00:00,7,TEN,-0.10165718457314944,0.08795364440888459,-0.019770261706564523,0.08684911720324497
2025-10-14T16:00:00+00:00,7,WAS,0.07133142850407366,0.08894797241498656,-0.007913223089832918,0.08677302191339067
2025-10-21T16:00:00+00:00,8,ARI,-0.014285873622626798,0.08114606338701424,-0.005872033474973338,0.08049854262230251
2025-10-21T16:00:00+00:00,8,ATL,-0.00787675024540954,0.08492186446363839,0.06198757828484502,0.08914360156287429
2025-10-21T16:00:00+00:00,8,BAL,-0.01098842583011252,0.08432574041022008,-0.07030001906717155,0.08022300467852206
2025-10-21T16:00:00+00:00,8,BUF,0.04819077146855856,0.08139993580705805,-0.008095746052321912,0.08268348528886667
2025-10-21T16:00:00+00:00,8,CAR,-0.015593687518003753,0.08076444161070756,-0.0031560950985289908,0.08395245973416673
2025-10-21T16:00:00+00:00,8,CHI,-0.027665852474593626,0.08619236463541685,-0.01419688337381591,0.08776747475633614
2025-10-21T16:00:00+00:00,8,CIN,-0.07149705951096266,0.08381657646484474,-0.10971401627013057,0.08013463298486505
2025-10-21T16:00:00+00:00,8,CLE,-0.13196888103508153,0.0796035367639071,0.029509469511751416,0.08393810061686985
2025-10-21T16:00:00+00:00,8,DAL,0.08572903747055287,0.08129517702854012,-0.1134641108104564,0.08030369488677828
2025-10-21T16:00:00+00:00,8,DEN,-0.01455171944781234,0.08106464651687177,0.11862976879570665,0.08215861299673395
2025-10-21T16:00:00+00:00,8,DET,0.0455957611496002,0.08248521827049261,0.009154970956696686,0.08299219544351218
2025-10-21T16:00:00+00:00,8,GB,0.05625992760606388,0.08597318913105789,0.027494665430608203,0.08550382178198056
2025-10-21T16:00:00+00:00,8,HOU,0.007330290350003802,0.08713089022544833,0.06935295445728143,0.08854981347703113
2025-10-21T16:00:00+00:00,8,IND,0.11931336084544344,0.08175008099983341,-0.01250710392476348,0.08154540836074703
2025-10-21T16:00:00+00:00,8,JAX,-0.011545752996406613,0.08089810611611269,0.017851538661523107,0.08205093592426736
2025-10-21T16:00:00+00:00,8,KC,0.10706328471166139,0.08103731426997206,-0.014133962794177387,0.08295685978971175
2025-10-21T16:00:00+00:00,8,LAC,0.007073293165870272,0.08105634278970399,0.03729326946930165,0.08238677143526366
2025-10-21T16:00:00+00:00,8,LAR,0.051816793481626995,0.0824218190555008,0.056684647346258436,0.08010692104507425
2025-10-21T16:00:00+00:00,8,LV,-0.08579938804267775,0.08218529828116973,0.03393844757734365,0.08208839594625955
2025-10-21T16:00:00+00:00,8,MIA,0.0043250117805374855,0.08401141805252206,-0.10171212365664081,0.08146617004464042
2025-10-21T16:00:00+00:00,8,MIN,-0.0412404553870003,0.08789118033702312,0.017382047528348512,0.08726192421704546
2025-10-21T16:00:00+00:00,8,NE,0.03522806615688634,0.0826629708397106,-0.02803643023911457,0.0831832939791162
2025-10-21T16:00:00+00:00,8,NO,-0.049237516457726546,0.08044401024640893,-0.01538642328989568,0.08181340622412632
2025-10-21T16:00:00+00:00,8,NYG,-0.07219568292913497,0.08007917821957652,0.002944294222256047,0.08059052858130152
2025-10-21T16:00:00+00:00,8,NYJ,-0.07702173879442244,0.0816520456529269,0.0008688636783169496,0.08229914750632426
2025-10-21T16:00:00+00:00,8,PHI,-0.018562923744480972,0.08239488378109361,0.03647269833760192,0.08063703661506759
2025-10-21T16:00:00+00:00,8,PIT,0.004745327570007299,0.08863248759170249,-0.022886313706945684,0.08364169045038809
2025-10-21T16:00:00+00:00,8,SEA,0.037361594185176955,0.08329087294862271,0.025454355558746825,0.08025029432071451
2025-10-21T16:00:00+00:00,8,SF,0.022851135628504736,0.07943917793498383,0.0029989319956952856,0.0822757442556111
2025-10-21T16:00:00+00:00,8,TB,0.06469610634335753,0.08195572209633589,0.0003085584555197413,0.08222042787694338
2025-10-21T16:00:00+00:00,8,TEN,-0.10678573477407365,0.08244088250747279,-0.006833291869878739,0.08193640031684343
2025-10-21T16:00:00+00:00,8,WAS,0.05923768089667428,0.08327782610711232,-0.022032506638986496,0.08139779461558388
2025-10-28T16:00:00+00:00,9,ARI,-0.016250526113957185,0.07662347497619816,-0.011241248311270793,0.0770864465312645
2025-10-28T16:00:00+00:00,9,ATL,-0.0051758464285881255,0.0801317110845428,0.03609612293804308,0.08287426606111895
2025-10-28T16:00:00+00:00,9,BAL,0.010270625777467787,0.08423326538846211,-0.0772783427622182,0.08041068067623935
2025-10-28T16:00:00+00:00,9,BUF,0.045906173218694495,0.0815277508536675,-0.016170376986472598,0.0826819719764461
2025-10-28T16:00:00+00:00,9,CAR,-0.0202197629447342,0.0765576999701743,0.009422168915583177,0.07934774502819375
2025-10-28T16:00:00+00:00,9,CHI,-0.0009341886427622565,0.08048913794613137,-0.006743640725901316,0.0826289268091836
2025-10-28T16:00:00+00:00,9,CIN,-0.021589795858341497,0.07867672682125863,-0.11551576769821258,0.07679424411427904
2025-10-28T16:00:00+00:00,9,CLE,-0.13354042840300737,0.07639321631973212,0.07399582431569611,0.0795566073126176
2025-10-28T16:00:00+00:00,9,DAL,0.07523291716699892,0.07717879833857809,-0.08494753079748969,0.07639861142728172
2025-10-28T16:00:00+00:00,9,DEN,-0.013065750182866695,0.07620065322560667,0.09665565054141315,0.07746489841497607
2025-10-28T16:00:00+00:00,9,DET,0.03270055510126282,0.07793338532539369,0.06444986223469787,0.07819728123974837
2025-10-28T16:00:00+00:00,9,GB,0.07515874547644576,0.08117792576022279,0.02587720747226901,0.07969715562927066
2025-10-28T16:00:00+00:00,9,HOU,-0.02935520825795971,0.08112529640894497,0.06845691739303077,0.08253059724485169
2025-10-28T16:00:00+00:00,9,IND,0.1369443106614803,0.07785591378714395,-0.028549190352896936,0.07677812779444576
2025-10-28T16:00:00+00:00,9,JAX,-0.017298724531023133,0.07627418315862254,0.014088953546048333,0.07789798141076172
2025-10-28T16:00:00+00:00,9,KC,0.1190510062449052,0.07646165323922517,0.016109588939377986,0.08056620894035389
2025-10-28T16:00:00+00:00,9,LAC,0.01617151420637848,0.07648261405100816,0.002355996397707689,0.07843077698803219
2025-10-28T16:00:00+00:00,9,LAR,0.04806418195237401,0.07815967474095113,0.0707105001138352,0.07576056176223504
2025-10-28T16:00:00+00:00,9,LV,-0.1136315331254695,0.07982440035874636,0.02022179844010317,0.07710647011298735
2025-10-28T16:00:00+00:00,9,MIA,-0.03675247358066367,0.07966217046486183,-0.08868124938934158,0.07779747093782184
2025-10-28T16:00:00+00:00,9,MIN,-0.03075785849602731,0.08167284424340725,0.021712153552113977,0.0826072774274072
2025-10-28T16:00:00+00:00,9,NE,0.04869971562304118,0.07821887341169972,-0.035424062751775814,0.07943044807313138
2025-10-28T16:00:00+00:00,9,NO,-0.06170284762510621,0.07722531242478682,-0.022985329821187388,0.07745982713507993
2025-10-28T16:00:00+00:00,9,NYG,-0.045856757973719235,0.07607261690626305,-0.0110535905438692,0.07597212289613574
2025-10-28T16:00:00+00:00,9,NYJ,-0.0902680689323092,0.07761831467833794,-0.0015268028169520389,0.07766273992093346
2025-10-28T16:00:00+00:00,9,PHI,-0.005762276939077837,0.07896584106771436,0.022630569247027832,0.07651483752891024
2025-10-28T16:00:00+00:00,9,PIT,0.02538877799862403,0.08324635466536794,-0.059447660177173615,0.07856079628618247
2025-10-28T16:00:00+00:00,9,SEA,0.02469968933963126,0.07871658182627256,0.048102549614867623,0.07611289538523262
2025-10-28T16:00:00+00:00,9,SF,0.03996357628198402,0.0757331775184863,-0.003975043668133556,0.07802897594573861
2025-10-28T16:00:00+00:00,9,TB,0.020211980769768666,0.07735723784004601,0.016139946044498955,0.07767854327164495
2025-10-28T16:00:00+00:00,9,TEN,-0.10601264528545204,0.07869650431391931,-0.03430477873951418,0.07760266559694104
2025-10-28T16:00:00+00:00,9,WAS,0.029710923502008213,0.07854258150668306,-0.009181194163904368,0.07730157928212376
2025-11-04T16:00:00+00:00,10,ARI,-0.01588604525162604,0.07726176040885673,-0.011739110286322782,0.07770739102452624
2025-11-04T16:00:00+00:00,10,ATL,-0.03966940239183893,0.07715560408607679,0.013415987429899783,0.0783496749773595
2025-11-04T16:00:00+00:00,10,BAL,0.028698346716400775,0.07976186810104355,-0.06482106077365125,0.0767374178765807
2025-11-04T16:00:00+00:00,10,BUF,0.06315350761322444,0.07764247369836326,0.004582267413561627,0.07856404908040698
2025-11-04T16:00:00+00:00,10,CAR,-0.03806649472770646,0.07406883307497683,-0.004303157706890031,0.07607597341225139
2025-11-04T16:00:00+00:00,10,CHI,-0.008719774310372533,0.07682428777304043,-0.02801416633063162,0.07854888028167806
2025-11-04T16:00:00+00:00,10,CIN,-0.00531941277398221,0.07556880461745161,-0.1389511732364669,0.07367086958374927
2025-11-04T16:00:00+00:00,10,CLE,-0.14919431108271294,0.07405608342720206,0.05987944931555623,0.07602010259399405
2025-11-04T16:00:00+00:00,10,DAL,0.07618486084377425,0.07393630442827819,-0.09964897990957816,0.0739101494540683
2025-11-04T16:00:00+00:00,10,DEN,0.0021305995345585168,0.07376623523230083,0.09189931421981484,0.07414283322798793
2025-11-04T16:00:00+00:00,10,DET,0.03063107633877692,0.07839517982572425,0.062227944566984904,0.07866179823654522
2025-11-04T16:00:00+00:00,10,GB,0.07325984411075728,0.07726906252821816,0.04187094667563509,0.07650746975616447
2025-11-04T16:00:00+00:00,10,HOU,-0.004706599192679081,0.07673894477153537,0.0696996517723718,0.07941552822354361
2025-11-04T16:00:00+00:00,10,IND,0.14235964441808927,0.0757557498929855,-0.014818626021004103,0.07450078542310733
2025-11-04T16:00:00+00:00,10,JAX,-0.022314723616470963,0.07702677470034154,0.01813776070096355,0.0784993666572235
2025-11-04T16:00:00+00:00,10,KC,0.1259872307745417,0.07368264483526836,0.0339352580097952,0.07750609220635764
2025-11-04T16:00:00+00:00,10,LAC,0.03863132304106508,0.07347442218390454,0.03292123562731456,0.07606540228792619
2025-11-04T16:00:00+00:00,10,LAR,0.044198594104308896,0.07870113648840306,0.07585387929400529,0.07645960050697614
2025-11-04T16:00:00+00:00,10,LV,-0.10626894454084078,0.08018067378577526,0.025466569920409198,0.07765594308678506
2025-11-04T16:00:00+00:00,10,MIA,-0.01915458464070488,0.07604872295399694,-0.05029714251327986,0.0754430916932317
2025-11-04T16:00:00+00:00,10,MIN,-0.06728392900646983,0.07846306649350748,-0.006625616507201178,0.07783005460035532
2025-11-04T16:00:00+00:00,10,NE,0.06049009474854423,0.07504945324683732,-0.015029616654172052,0.0763782808276484
2025-11-04T16:00:00+00:00,10,NO,-0.08465977712004993,0.0740719127133267,-0.004037108538313242,0.07478426058063652
2025-11-04T16:00:00+00:00,10,NYG,-0.038419660411465016,0.07454718713656125,-0.028420744692748856,0.07428826177437926
2025-11-04T16:00:00+00:00,10,NYJ,-0.06297591877238025,0.07418262518596262,-0.020133315234730564,0.07474192110103045
2025-11-04T16:00:00+00:00,10,PHI,0.01769031223277642,0.07664495139032525,0.015941885972136343,0.0749284897265226
2025-11-04T16:00:00+00:00,10,PIT,-0.004604640919081743,0.07905524368225947,-0.06567272140747711,0.07528647892314513
2025-11-04T16:00:00+00:00,10,SEA,0.022887058598272662,0.07927280207096803,0.043799860926653555,0.07687946022993354
2025-11-04T16:00:00+00:00,10,SF,0.03448941630189745,0.07409498916883737,-0.03005523926862516,0.07456596931760555
2025-11-04T16:00:00+00:00,10,TB,-0.002789060743579053,0.07472891879086792,0.03946679197095595,0.0744274549583993
2025-11-04T16:00:00+00:00,10,TEN,-0.10428664396443162,0.0759630631147224,-0.02837736606388779,0.07555115936926861
2025-11-04T16:00:00+00:00,10,WAS,0.013528014089404405,0.07585632956842454,-0.01815365867107723,0.074168839483121
2025-11-11T16:00:00+00:00,11,ARI,-0.021140899515530595,0.07422165643417239,0.008459685110759948,0.07452122179392091
2025-11-11T16:00:00+00:00,11,ATL,-0.0376118391166033,0.07462804679214198,0.017754585048781187,0.07502934770243325
2025-11-11T16:00:00+00:00,11,BAL,0.030205831124223585,0.07663099585684095,-0.041586416570993025,0.07398653000083567
2025-11-11T16:00:00+00:00,11,BUF,0.07511727542122819,0.07455112735313878,0.02719090611830705,0.07551479906626204
2025-11-11T16:00:00+00:00,11,CAR,-0.021104519184889606,0.07221056364904153,0.0008348737420484087,0.07346605352585472
2025-11-11T16:00:00+00:00,11,CHI,0.011923419157809253,0.07323299683241978,-0.04613111437264878,0.07523228428260842
2025-11-11T16:00:00+00:00,11,CIN,0.009658777110962543,0.07309985022949177,-0.1545591321043621,0.07108321272359061
2025-11-11T16:00:00+00:00,11,CLE,-0.1438326178663829,0.07496915819487251,0.056586703414351874,0.07674231796527906
2025-11-11T16:00:00+00:00,11,DAL,0.052161532046218276,0.07171431326520047,-0.09118294527776494,0.07175506715422232
2025-11-11T16:00:00+00:00,11,DEN,-0.009551933533697541,0.07172654553349768,0.09936494546528551,0.07156641069995658
2025-11-11T16:00:00+00:00,11,DET,0.003281175663346828,0.0753320588019443,0.05798311085267048,0.07585184526723554
2025-11-11T16:00:00+00:00,11,GB,0.06662018151501824,0.07433743776138162,0.021318785439788435,0.07406052400613965
2025-11-11T16:00:00+00:00,11,HOU,-0.018841905617254684,0.0733689994907673,0.08394374440382887,0.07587786090434286
2025-11-11T16:00:00+00:00,11,IND,0.1189796739188842,0.07279462029902845,-0.001023119685304102,0.07227582556227737
2025-11-11T16:00:00+00:00,11,JAX,0.0005979032279422314,0.07352230327978922,-0.005255401306495856,0.07536971132563328
2025-11-11T16:00:00+00:00,11,KC,0.09434865139346361,0.07177457104829074,0.020586082008386936,0.07444258342905448
2025-11-11T16:00:00+00:00,11,LAC,0.03863583193658928,0.07130466187229954,0.034505264231594474,0.07421622955276413
2025-11-11T16:00:00+00:00,11,LAR,0.059305207116395385,0.0748940927742095,0.08210608171589982,0.07487089489980789
2025-11-11T16:00:00+00:00,11,LV,-0.07599540793966544,0.07665385612531697,-0.002134349099879658,0.07397977681666026
2025-11-11T16:00:00+00:00,11,MIA,-0.03596553151081099,0.07353088835968827,-0.0490461649596814,0.0733949073141795
2025-11-11T16:00:00+00:00,11,MIN,-0.06328467294110574,0.07570140392261523,0.01629056588438855,0.07488875599163108
2025-11-11T16:00:00+00:00,11,NE,0.05461774690386562,0.07263143095232448,-0.010665093617754473,0.07407542960409312
2025-11-11T16:00:00+00:00,11,NO,-0.08764756803859872,0.07301083054930052,-0.012404788307248258,0.07208320379012036
2025-11-11T16:00:00+00:00,11,NYG,-0.027761615891674474,0.07246399674339707,-0.04889546651459264,0.07202262087146781
2025-11-11T16:00:00+00:00,11,NYJ,-0.06161067321113179,0.0750830544227003,-0.016361180453208828,0.07561441763067357
2025-11-11T16:00:00+00:00,11,PHI,0.012900133333900507,0.07730952144952387,0.01695464002183419,0.07573940454178363
2025-11-11T16:00:00+00:00,11,PIT,-0.01997880040846612,0.07575860709289257,-0.042348607316109226,0.0724922498433205
2025-11-11T16:00:00+00:00,11,SEA,0.04927431404978906,0.07653881732689054,0.04470343141466543,0.07393518248370735
2025-11-11T16:00:00+00:00,11,SF,0.05044596525117866,0.07182227434467824,-0.037039302145177755,0.07239103216545023
2025-11-11T16:00:00+00:00,11,TB,-0.004884291975167772,0.0756210476640504,0.04042549200497134,0.07537224135274968
2025-11-11T16:00:00+00:00,11,TEN,-0.10220276427374286,0.07411189710251885,-0.0315774776829838,0.0728579238352286
2025-11-11T16:00:00+00:00,11,WAS,0.0033414218539070803,0.07319117019438386,-0.03879833746335771,0.07256349275706266
2025-11-18T16:00:00+00:00,12,ARI,-0.0226521149545844,0.07217635466730904,-0.00043400011587004677,0.07315501741074006
2025-11-18T16:00:00+00:00,12,ATL,-0.038796296473603054,0.07238755806750331,0.013259056643045143,0.07215519798178942
2025-11-18T16:00:00+00:00,12,BAL,0.026637384032471303,0.07363861422343257,-0.01916640446750281,0.07197593951465
2025-11-18T16:00:00+00:00,12,BUF,0.0572106777312648,0.07256630134480906,0.008630063567558693,0.07391859987375517
2025-11-18T16:00:00+00:00,12,CAR,-0.040849059049291,0.07098186449084332,-0.012727981934880683,0.0714470296713693
2025-11-18T16:00:00+00:00,12,CHI,0.009043340312996778,0.07131602741739142,-0.044067733916432324,0.07252792669206917
2025-11-18T16:00:00+00:00,12,CIN,0.013154995432571304,0.07413263358271777,-0.1534599568891331,0.07231216280882834
2025-11-18T16:00:00+00:00,12,CLE,-0.13105295269825534,0.07233326004955737,0.06744130891107716,0.0748364385674691
2025-11-18T16:00:00+00:00,12,DAL,0.050543769504423415,0.07290081625267096,-0.09455884849844434,0.0729434557788082
2025-11-18T16:00:00+00:00,12,DEN,-0.025171439058490987,0.07044855708424334,0.10597732754225667,0.07023481193273533
2025-11-18T16:00:00+00:00,12,DET,0.04394979366343937,0.07267639722199054,0.04449807913191478,0.07378039911740095
2025-11-18T16:00:00+00:00,12,GB,0.04403832950252343,0.07203519575131315,0.027338900790599745,0.07207553794460511
2025-11-18T16:00:00+00:00,12,HOU,-0.008379287451807528,0.07142460069525138,0.0896009579039242,0.07398286106885162
2025-11-18T16:00:00+00:00,12,IND,0.1228196702956029,0.07056023807147785,-0.005808883960630757,0.07065090603921345
2025-11-18T16:00:00+00:00,12,JAX,-0.006819152778163536,0.07219016719764369,-0.013508631229630105,0.07293755657248854
2025-11-18T16:00:00+00:00,12,KC,0.09169042354627935,0.0729574815759006,0.016443727904934258,0.07538391974752957
2025-11-18T16:00:00+00:00,12,LAC,0.01762943996238015,0.06961602073021135,0.04760580048037017,0.07264272406996268
2025-11-18T16:00:00+00:00,12,LAR,0.0882016555834999,0.07283233298359361,0.05927946205937323,0.07305424099930259
2025-11-18T16:00:00+00:00,12,LV,-0.08979313727679453,0.0741028804314465,0.0161611992628144,0.07218028076956884
2025-11-18T16:00:00+00:00,12,MIA,-0.018930534992694127,0.07231187487900732,-0.03523554338847664,0.07166994517989952
2025-11-18T16:00:00+00:00,12,MIN,-0.07326156234787262,0.07326266954699907,0.017997934394687092,0.07234181271929191
2025-11-18T16:00:00+00:00,12,NE,0.05196460207338318,0.07115140216180768,-0.016298537544275297,0.07176613028978295
2025-11-18T16:00:00+00:00,12,NO,-0.07792450536731634,0.07109012536355104,0.010219326105935254,0.07085670768594529
2025-11-18T16:00:00+00:00,12,NYG,-0.024081295214943947,0.07044638684041586,-0.04442843960557178,0.07035879507574183
2025-11-18T16:00:00+00:00,12,NYJ,-0.07166044874887334,0.07358000252621125,-0.022864097122688217,0.07285051227408935
2025-11-18T16:00:00+00:00,12,PHI,0.0050196656798013745,0.07449577348009633,0.034120016479711204,0.07303166406789172
2025-11-18T16:00:00+00:00,12,PIT,-0.034206797592055714,0.07379688489197642,-0.0219331433231692,0.07045042139418896
2025-11-18T16:00:00+00:00,12,SEA,0.05423947238528705,0.07466041746568036,0.04614146995385261,0.07190231944710437
2025-11-18T16:00:00+00:00,12,SF,0.06833388442862975,0.07072736236996485,-0.058676717877605825,0.07094377772687636
2025-11-18T16:00:00+00:00,12,TB,5.0734864360503507e-05,0.07285861960129177,0.047060687058024596,0.073202613280901
2025-11-18T16:00:00+00:00,12,TEN,-0.0952050120345066,0.07506485502290068,-0.03356523435057969,0.07391598947111193
2025-11-18T16:00:00+00:00,12,WAS,0.014255757040338518,0.07174682795310403,-0.07504116396518837,0.07065783090209787
2025-11-25T16:00:00+00:00,13,ARI,-0.008172572035314182,0.07042191436745619,-0.004607935783105118,0.07193199553767199
2025-11-25T16:00:00+00:00,13,ATL,-0.027631460914607234,0.07107122386459497,0.001619196091425902,0.07032071817744853
2025-11-25T16:00:00+00:00,13,BAL,0.02458270813238557,0.07209852441233693,-0.0022876397194997265,0.07088389183426166
2025-11-25T16:00:00+00:00,13,BUF,0.06476835495857702,0.07115878183204304,0.002707737061749015,0.07160243450634349
2025-11-25T16:00:00+00:00,13,CAR,-0.02755904445787708,0.06944671130452854,-0.020355393227287986,0.07035920467630187
2025-11-25T16:00:00+00:00,13,CHI,0.0012130105659144737,0.06974742345880354,-0.0350349746299256,0.07133414437580096
2025-11-25T16:00:00+00:00,13,CIN,0.006635393047962493,0.07238166823182132,-0.15169590339073188,0.07103108245610973
2025-11-25T16:00:00+00:00,13,CLE,-0.1455308388206383,0.07115363040312352,0.0655715993787614,0.07306099596009671
2025-11-25T16:00:00+00:00,13,DAL,0.05909196117983433,0.07114665350052292,-0.07576094448063964,0.0713162388786335
2025-11-25T16:00:00+00:00,13,DEN,-0.022823814354942476,0.0692768806182279,0.09990296137804679,0.06901868492081252
2025-11-25T16:00:00+00:00,13,DET,0.010992916932632667,0.07110971698771218,0.06300922206735698,0.07150515530635519
2025-11-25T16:00:00+00:00,13,GB,0.06306892017738765,0.07072893813524062,0.005510247877730344,0.0701629237567945
2025-11-25T16:00:00+00:00,13,HOU,-0.007425846735667667,0.07001161680729641,0.08355387630716196,0.07232092100860371
2025-11-25T16:00:00+00:00,13,IND,0.11692953159535398,0.0718538464024085,-0.008049877431219491,0.0719452883224461
2025-11-25T16:00:00+00:00,13,JAX,0.007690579013519088,0.07023798759233897,0.015666925912395754,0.0717496331354494
2025-11-25T16:00:00+00:00,13,KC,0.09007862309016122,0.07108455624176423,0.012154408757057008,0.07301894636110837
2025-11-25T16:00:00+00:00,13,LAC,-0.010760903521759891,0.0691449334556221,0.03060142027237484,0.07061991364397023
2025-11-25T16:00:00+00:00,13,LAR,0.0770116034344279,0.07156337651080699,0.05777596802286948,0.07065449046639591
2025-11-25T16:00:00+00:00,13,LV,-0.09710898487099788,0.07222411243997431,0.004288523858799523,0.07059105224101546
2025-11-25T16:00:00+00:00,13,MIA,-0.022009817507045414,0.07086484322048221,-0.04007087560379872,0.07003927715301708
2025-11-25T16:00:00+00:00,13,MIN,-0.07273612899731768,0.0718854430200128,0.01762554883167413,0.07048452661780855
2025-11-25T16:00:00+00:00,13,NE,0.05292388857277451,0.069756442605983,-0.016212701446019388,0.07039459242187518
2025-11-25T16:00:00+00:00,13,NO,-0.07520783242579952,0.07238796184536392,0.011009428814046802,0.07216560338720564
2025-11-25T16:00:00+00:00,13,NYG,-0.0022974779178368964,0.0689731347814808,-0.06117599037908563,0.06942931219386313
2025-11-25T16:00:00+00:00,13,NYJ,-0.06842542254981018,0.07177227668088039,-0.028635244538161082,0.07104176844133117
2025-11-25T16:00:00+00:00,13,PHI,-0.019907831358480836,0.07200876058724204,0.06772772420304042,0.07135804737990246
2025-11-25T16:00:00+00:00,13,PIT,-0.03253938106013122,0.07217642365210523,-0.01786105347070643,0.06958162561944535
2025-11-25T16:00:00+00:00,13,SEA,0.05209540478581313,0.07181892008849272,0.05877514136176261,0.0707883378722422
2025-11-25T16:00:00+00:00,13,SF,0.07151551610556278,0.0700065847820482,-0.06484200784598647,0.06947943529077003
2025-11-25T16:00:00+00:00,13,TB,0.009494407333180563,0.07081436336217072,0.03107220813721733,0.07168656911157839
2025-11-25T16:00:00+00:00,13,TEN,-0.08818461963302875,0.07323144964223183,-0.029840958888676255,0.07192510425217205
2025-11-25T16:00:00+00:00,13,WAS,0.020229158235767836,0.07009554668663022,-0.07214063749862684,0.06960392993578378
2025-12-02T16:00:00+00:00,14,ARI,-0.018030457321418655,0.06865978106715416,-0.004971888915355846,0.07046635110316503
2025-12-02T16:00:00+00:00,14,ATL,-0.02458680983503414,0.06999554477673427,0.006785993637313879,0.06857561085837241
2025-12-02T16:00:00+00:00,14,BAL,0.01850788546768365,0.07062710944896573,-0.001452760014555196,0.06974461664201227
2025-12-02T16:00:00+00:00,14,BUF,0.04962015423885242,0.06975803012410925,0.002549622124714739,0.07028036922078343
2025-12-02T16:00:00+00:00,14,CAR,-0.026546508826112765,0.06902499871708509,-0.02428337739035008,0.06888002910179071
2025-12-02T16:00:00+00:00,14,CHI,0.010246209390243713,0.0687541951969747,-0.041171166042874976,0.06966246016692645
2025-12-02T16:00:00+00:00,14,CIN,0.0008575938991224855,0.07067330299578975,-0.13963054057024268,0.06949892318593583
2025-12-02T16:00:00+00:00,14,CLE,-0.1477261137261095,0.0703415361503823,0.07810380639609955,0.07071118121187142
2025-12-02T16:00:00+00:00,14,DAL,0.06903961153130238,0.06989445630515205,-0.07628910250359804,0.07022914418413558
2025-12-02T16:00:00+00:00,14,DEN,-0.014456160300290614,0.07076328204350925,0.08998561737036077,0.07050297891259849
2025-12-02T16:00:00+00:00,14,DET,0.014111133281498009,0.06972848396580351,0.045040298263689105,0.06958991612936455
2025-12-02T16:00:00+00:00,14,GB,0.06049723425705516,0.06934379134718568,0.017206555259558116,0.06965787905553135
2025-12-02T16:00:00+00:00,14,HOU,-0.009679980034165397,0.06902911114703494,0.09606013488990582,0.07060471385200691
2025-12-02T16:00:00+00:00,14,IND,0.10511662354500179,0.07077387808146049,-0.0020789540949663825,0.06930581510656529
2025-12-02T16:00:00+00:00,14,JAX,0.014033209986666557,0.06920958445811916,0.02440024676207425,0.06966848527467456
2025-12-02T16:00:00+00:00,14,KC,0.08204749121562728,0.06875156654420461,0.019152545913857375,0.07172516532286329
2025-12-02T16:00:00+00:00,14,LAC,-0.005468392699724682,0.07066744199559963,0.025058398793358097,0.07198974297845225
2025-12-02T16:00:00+00:00,14,LAR,0.07995279569436213,0.07030265327804415,0.07386192443101333,0.06917859375336868
2025-12-02T16:00:00+00:00,14,LV,-0.10966105056739663,0.07011764972340451,0.01421436994029358,0.06991250644490674
2025-12-02T16:00:00+00:00,14,MIA,-0.014974979031608302,0.0722058670294987,-0.04600669056234753,0.07147268583035712
2025-12-02T16:00:00+00:00,14,MIN,-0.08349639422327955,0.07100181814198636,0.016063273774821578,0.06914133370086809
2025-12-02T16:00:00+00:00,14,NE,0.04645979315539,0.06854119964923687,-0.014254800059787869,0.0691788391933636
2025-12-02T16:00:00+00:00,14,NO,-0.08056259970364789,0.07010089446192033,0.007955956263166659,0.07088435738332584
2025-12-02T16:00:00+00:00,14,NYG,0.010081600638805675,0.06772807623071762,-0.061150547295324126,0.0684458792286787
2025-12-02T16:00:00+00:00,14,NYJ,-0.06866792774460813,0.07043110822369474,-0.022145276946478866,0.06985915642549781
2025-12-02T16:00:00+00:00,14,PHI,-0.017228328806128988,0.07074429710110026,0.05358173388205552,0.07001836190598594
2025-12-02T16:00:00+00:00,14,PIT,-0.023199441579848518,0.07026420208291578,-0.02842111033501027,0.06863048674964058
2025-12-02T16:00:00+00:00,14,SEA,0.06220579741121756,0.07088294963136817,0.0441011901394615,0.06927768948966884
2025-12-02T16:00:00+00:00,14,SF,0.07521371009445356,0.06861040456385924,-0.06151210572431837,0.06903123357634053
2025-12-02T16:00:00+00:00,14,TB,-0.007805488255913252,0.06932164430560184,0.022213624110848283,0.07041189413221394
2025-12-02T16:00:00+00:00,14,TEN,-0.06900265606991068,0.07108442703268082,-0.03983369687443289,0.07097472075823731
2025-12-02T16:00:00+00:00,14,WAS,0.02310244491791529,0.07153760206903234,-0.07313327462294912,0.07108485685841333
2025-12-09T16:00:00+00:00,15,ARI,0.0005018652709059485,0.06788149335340589,-0.00850100436679553,0.06947800303224491
2025-12-09T16:00:00+00:00,15,ATL,-0.010459334039596622,0.06866798440137155,0.00268134277446144,0.06770435710290726
2025-12-09T16:00:00+00:00,15,BAL,-0.005630944227560506,0.06961873137840272,0.0014540664474294856,0.06808770675439546
2025-12-09T16:00:00+00:00,15,BUF,0.05338885560685912,0.06823012816169581,0.01369952264335066,0.06978661096393134
2025-12-09T16:00:00+00:00,15,CAR,-0.011374578085218787,0.06821235799531608,-0.037289644887101674,0.0684412346055969
2025-12-09T16:00:00+00:00,15,CHI,0.026075156407529637,0.06720065258156366,-0.04284325696751135,0.0690301819059224
2025-12-09T16:00:00+00:00,15,CIN,-0.002868149008524999,0.06875275248272641,-0.1132280241487887,0.06874602306012857
2025-12-09T16:00:00+00:00,15,CLE,-0.14923135147647393,0.06909925736356899,0.07227472788411346,0.06925845624643182
2025-12-09T16:00:00+00:00,15,DAL,0.07046459252487783,0.06880904948679596,-0.07109157618939153,0.06912019470818477
2025-12-09T16:00:00+00:00,15,DEN,-0.007055772024405139,0.06923816851205722,0.07463290112331858,0.06854528923256517
2025-12-09T16:00:00+00:00,15,DET,0.014794504871505135,0.06886470440943605,0.02984022333688792,0.06882569042565208
2025-12-09T16:00:00+00:00,15,GB,0.06891622451120404,0.06863177930329352,0.013018813905155049,0.06882730930081736
2025-12-09T16:00:00+00:00,15,HOU,-0.0009034609126298832,0.06778038783147838,0.09753096898961197,0.06971326914742766
2025-12-09T16:00:00+00:00,15,IND,0.09133893361106421,0.06988238986381494,-0.005272587018209864,0.06800733532262389
2025-12-09T16:00:00+00:00,15,JAX,0.005250199262190715,0.06852307651669111,0.047212198225442405,0.06883238650049912
2025-12-09T16:00:00+00:00,15,KC,0.07711964694432541,0.06796548555488027,0.008514813835589816,0.07023421357728211
2025-12-09T16:00:00+00:00,15,LAC,0.009580186607413485,0.0694194677440675,0.02912799903354949,0.07124093847666835
2025-12-09T16:00:00+00:00,15,LAR,0.09666029621814379,0.06957353663281662,0.054945782105603115,0.0683101773774236
2025-12-09T16:00:00+00:00,15,LV,-0.11278209361356593,0.06971750921755253,-0.00022118344305542136,0.06884871076504608
2025-12-09T16:00:00+00:00,15,MIA,-0.02128962346229863,0.07079431734973987,-0.041112787478712845,0.0696660339903167
2025-12-09T16:00:00+00:00,15,MIN,-0.10194473586666217,0.0701284762632076,0.03043995062563693,0.06813908182306531
2025-12-09T16:00:00+00:00,15,NE,0.04546705851377526,0.06773031513649247,-0.005009267376872877,0.06845763289526588
2025-12-09T16:00:00+00:00,15,NO,-0.07999285193674285,0.06866103450828441,0.017933217404446065,0.06978063615875871
2025-12-09T16:00:00+00:00,15,NYG,-0.0009195574658792793,0.06731796093284115,-0.05738704945966844,0.06765261429374894
2025-12-09T16:00:00+00:00,15,NYJ,-0.060916381115419506,0.06913671204509989,-0.03535331062217655,0.06855923505985377
2025-12-09T16:00:00+00:00,15,PHI,-0.019786149331654925,0.06987278623379149,0.037170626404595654,0.06812979380836587
2025-12-09T16:00:00+00:00,15,PIT,-0.030341929819299663,0.06977309060369948,-0.033104668667569614,0.06737280478497554
2025-12-09T16:00:00+00:00,15,SEA,0.04497811645698857,0.06948327199620179,0.06283140628009228,0.06875766683477869
2025-12-09T16:00:00+00:00,15,SF,0.0693454719947082,0.06766399016121027,-0.047884126237211326,0.06809692800460594
2025-12-09T16:00:00+00:00,15,TB,-0.005810315839416338,0.06861664345376411,0.011038975661857702,0.06926137689785251
2025-12-09T16:00:00+00:00,15,TEN,-0.0858849456621566,0.06993664194142345,-0.028046969621547117,0.06988588616062573
2025-12-09T16:00:00+00:00,15,WAS,0.03331106508601436,0.06928204184804634,-0.07800208019652922,0.06948001707129393
2025-12-16T16:00:00+00:00,16,ARI,0.00048179066006971173,0.06965706535679803,-0.008160964192123706,0.07109296541549873
2025-12-16T16:00:00+00:00,16,ATL,-0.010040960678012755,0.07036392493698772,0.0025740890634829827,0.06949800379157448
2025-12-16T16:00:00+00:00,16,BAL,-0.005405706458458082,0.07121972982575205,0.0013959037895323065,0.06984230232090335
2025-12-16T16:00:00+00:00,16,BUF,0.05125330138258476,0.0699702770358018,0.01315154173761663,0.07137099136173146
2025-12-16T16:00:00+00:00,16,CAR,-0.010919594961810036,0.06995430760054681,-0.035798059091617596,0.07016003036588733
2025-12-16T16:00:00+00:00,16,CHI,0.02503215015122845,0.0690459826863866,-0.04112952668881089,0.07068978531916686
2025-12-16T16:00:00+00:00,16,CIN,-0.0027534230481839964,0.0704401700139436,-0.1086989031828371,0.07043411678125568
2025-12-16T16:00:00+00:00,16,CLE,-0.14326209741741497,0.07075195446438293,0.0693837387687489,0.07089526489636962
2025-12-16T16:00:00+00:00,16,DAL,0.0676460088238827,0.0704908129789994,-0.06824791314181584,0.07077079993389916
2025-12-16T16:00:00+00:00,16,DEN,-0.00677354114342893,0.07087699971752441,0.07164758507838584,0.07025358654602266
2025-12-16T16:00:00+00:00,16,DET,0.014202724676644931,0.07054088331137139,0.028646614403412398,0.07050578359696734
2025-12-16T16:00:00+00:00,16,GB,0.06615957553075587,0.0703313635849444,0.012498061348948847,0.07050724000237203
2025-12-16T16:00:00+00:00,16,HOU,-0.0008673224761246859,0.06956627010396711,0.09362973023002749,0.0713049041611887
2025-12-16T16:00:00+00:00,16,IND,0.08768537626662164,0.0714573087059182,-0.005061683537481467,0.06977009811747002
2025-12-16T16:00:00+00:00,16,JAX,0.005040191291703089,0.07023361348607812,0.04532371029642469,0.07051180768308193
2025-12-16T16:00:00+00:00,16,KC,0.07403486106655237,0.06973250526215535,0.00817422128216622,0.0717744974060052
2025-12-16T16:00:00+00:00,16,LAC,0.009196979143116946,0.07104024740752984,0.02796287907220751,0.07268313968134278
2025-12-16T16:00:00+00:00,16,LAR,0.09279388436941802,0.07117901623954492,0.05274795082137899,0.070042220875709
2025-12-16T16:00:00+00:00,16,LV,-0.10827080986902328,0.07130872459892938,-0.00021233610533320378,0.0705264940149918
2025-12-16T16:00:00+00:00,16,MIA,-0.020438038523806684,0.07227984661082819,-0.03946827597956432,0.07126234565780072
2025-12-16T16:00:00+00:00,16,MIN,-0.0978669464319957,0.07167914957260674,0.029222352600611453,0.06988846227461196
2025-12-16T16:00:00+00:00,16,NE,0.04364837617322425,0.06952130985784916,-0.004808896681797961,0.07017477301349642
2025-12-16T16:00:00+00:00,16,NO,-0.07679313785927312,0.07035767433069111,0.017215888708268224,0.07136560724603785
2025-12-16T16:00:00+00:00,16,NYG,-0.0008827751672441072,0.06915121631327777,-0.055091567481281696,0.06945155055914669
2025-12-16T16:00:00+00:00,16,NYJ,-0.0584797258708027,0.070785667490943,-0.03393917819728949,0.07026612665411468
2025-12-16T16:00:00+00:00,16,PHI,-0.018994703358388723,0.07144865314053854,0.03568380134841183,0.06988011677228227
2025-12-16T16:00:00+00:00,16,PIT,-0.029128252626527667,0.07135880774842386,-0.03178048192086683,0.06920042297808747
2025-12-16T16:00:00+00:00,16,SEA,0.04317899179870902,0.07109771100713427,0.06031815002888858,0.0704445906047805
2025-12-16T16:00:00+00:00,16,SF,0.06657165311491985,0.06946176310947418,-0.04596876118772286,0.06985058719822752
2025-12-16T16:00:00+00:00,16,TB,-0.005577903205839683,0.07031775165750315,0.01059741663538339,0.07089789443087238
2025-12-16T16:00:00+00:00,16,TEN,-0.08244954783567034,0.07150620769819294,-0.026925090836685227,0.07146045988541211
2025-12-16T16:00:00+00:00,16,WAS,0.03197862248257379,0.07091649997666201,-0.07488199698866804,0.07109477939261558
2025-12-23T16:00:00+00:00,17,ARI,0.0004625190336669219,0.07125426537827839,-0.007834525624438758,0.07254948958203816
2025-12-23T16:00:00+00:00,17,ATL,-0.009639322250892242,0.07189148669367647,0.0024711255009436627,0.07111097970484041
2025-12-23T16:00:00+00:00,17,BAL,-0.00518947820011976,0.07266398195119225,0.0013400676379510146,0.07142117951641011
2025-12-23T16:00:00+00:00,17,BUF,0.04920316932728137,0.07153652625378908,0.012625480068111965,0.07280063045587287
2025-12-23T16:00:00+00:00,17,CAR,-0.010482811163337633,0.07152213124596582,-0.03436613672795289,0.07170760147881365
2025-12-23T16:00:00+00:00,17,CHI,0.02403086414517931,0.07070400563955834,-0.03948434562125845,0.07218549793268629
2025-12-23T16:00:00+00:00,17,CIN,-0.0026432861262566374,0.07196026546329834,-0.10435094705552363,0.07195480467561516
2025-12-23T16:00:00+00:00,17,CLE,-0.1375316135207183,0.07224160870429559,0.06660838921799894,0.07237097532632725
2025-12-23T16:00:00+00:00,17,DAL,0.06494016847092741,0.07200595402345662,-0.06551799661614321,0.07225861881615583
2025-12-23T16:00:00+00:00,17,DEN,-0.006502599497691773,0.07235448562724808,0.0687816816752504,0.0717919686667615
2025-12-23T16:00:00+00:00,17,DET,0.01363461568957913,0.07205112974013655,0.027500749827275905,0.07201946079918674
2025-12-23T16:00:00+00:00,17,GB,0.06351319250952563,0.07186211657435496,0.011998138894990892,0.0720207748136628
2025-12-23T16:00:00+00:00,17,HOU,-0.0008326295770796992,0.0711724704979513,0.08988454102082641,0.07274092370745165
2025-12-23T16:00:00+00:00,17,IND,0.08417796121595678,0.07287862371945183,-0.00485921619598221,0.07135611116478949
2025-12-23T16:00:00+00:00,17,JAX,0.004838583640034963,0.07177395623057271,0.043510761884567706,0.07202489593851169
2025-12-23T16:00:00+00:00,17,KC,0.07107346662389026,0.071322236732942,0.007847252430879574,0.07316531606723563
2025-12-23T16:00:00+00:00,17,LAC,0.008829099977392268,0.0725018821023838,0.026844363909319213,0.07398738394140507
2025-12-23T16:00:00+00:00,17,LAR,0.0890821289946413,0.07262720728740418,0.050638032788523836,0.07160138196371492
2025-12-23T16:00:00+00:00,17,LV,-0.10393997747426235,0.07274437512507866,-0.0002038426611198753,0.07203814668337749
2025-12-23T16:00:00+00:00,17,MIA,-0.019620516982854424,0.0736223735012652,-0.03788954494038175,0.07270247740629998
2025-12-23T16:00:00+00:00,17,MIN,-0.09395226857471585,0.07307912038023912,0.028053458496586994,0.0714627817247247
2025-12-23T16:00:00+00:00,17,NE,0.04190244112629528,0.07113197180201004,-0.004616540814526042,0.07172089524067639
2025-12-23T16:00:00+00:00,17,NO,-0.0737214123449022,0.07188584856552269,0.016527253159937492,0.07279576591824712
2025-12-23T16:00:00+00:00,17,NYG,-0.0008474641605543442,0.07079872340194732,-0.052887904782030426,0.07106914114905458
2025-12-23T16:00:00+00:00,17,NYJ,-0.0561405368359706,0.07227203879456219,-0.03258161106939791,0.07180327810248133
2025-12-23T16:00:00+00:00,17,PHI,-0.018234915224053173,0.07287080237520499,0.034256449294475355,0.07145525999988632
2025-12-23T16:00:00+00:00,17,PIT,-0.027963122521466557,0.07278962264583899,-0.030509262644032153,0.07084301888530072
2025-12-23T16:00:00+00:00,17,SEA,0.041451832126760665,0.07255377533136638,0.057905424027733035,0.07196425343453428
2025-12-23T16:00:00+00:00,17,SF,0.06390878699032307,0.07107833889441575,-0.04413001074021394,0.07142864612067985
2025-12-23T16:00:00+00:00,17,TB,-0.005354787077606097,0.07184983918026573,0.010173519969968054,0.0723733492954983
2025-12-23T16:00:00+00:00,17,TEN,-0.0791515659222435,0.07292281186713759,-0.025848087203217813,0.072881471215907
2025-12-23T16:00:00+00:00,17,WAS,0.030699477583270837,0.07239014685283499,-0.07188671710912133,0.07255112778299809
2025-12-30T16:00:00+00:00,18,ARI,-0.0018309471486573532,0.06646638633045178,-0.03215494222378167,0.06680194773952638
2025-12-30T16:00:00+00:00,18,ATL,-0.009037425800361666,0.06641829976799486,0.00030062844025815604,0.0665530118957807
2025-12-30T16:00:00+00:00,18,BAL,-0.0008015441293346068,0.06800459649452645,0.007004965620208133,0.06667903196547276
2025-12-30T16:00:00+00:00,18,BUF,0.05772828096435404,0.06707079085804195,-0.02108300505700213,0.06769097132919542
2025-12-30T16:00:00+00:00,18,CAR,-0.010802610710946592,0.06851104247673244,-0.03552926894060151,0.0682607722410328
2025-12-30T16:00:00+00:00,18,CHI,0.03521862044154869,0.06616820394468349,-0.01523022415512398,0.06739926231039055
2025-12-30T16:00:00+00:00,18,CIN,0.015367695828334162,0.0670279178717754,-0.08713167081037851,0.06785367191442311
2025-12-30T16:00:00+00:00,18,CLE,-0.141632662613688,0.06701198334646859,0.06232337934108211,0.0673271326365507
2025-12-30T16:00:00+00:00,18,DAL,0.06347538809195381,0.06654239400814912,-0.10273587857621003,0.06743831198898705
2025-12-30T16:00:00+00:00,18,DEN,0.011043406123351902,0.06674192032258874,0.06175221690847858,0.0668685331437857
2025-12-30T16:00:00+00:00,18,DET,0.02071741453291624,0.0667430290937913,0.007864807190535311,0.0661418627565658
2025-12-30T16:00:00+00:00,18,GB,0.0609843402983573,0.06703176522479656,0.0021441129466362495,0.0669289932792196
2025-12-30T16:00:00+00:00,18,HOU,-0.02417818564521414,0.06628871963683804,0.090694979969218,0.0674449906186136
2025-12-30T16:00:00+00:00,18,IND,0.05571455684002245,0.06749845286030097,-0.017546717932290495,0.0665515160044233
2025-12-30T16:00:00+00:00,18,JAX,0.018033239970110918,0.06667260228072655,0.048226108921488334,0.06655522849735204
2025-12-30T16:00:00+00:00,18,KC,0.005125680120827271,0.06705062851018577,0.018771260389597942,0.06723886725546972
2025-12-30T16:00:00+00:00,18,LAC,0.0017048896269342547,0.06697523559941636,0.046995928151850934,0.0682504214192827
2025-12-30T16:00:00+00:00,18,LAR,0.12285286806687103,0.06634595643496682,0.03994277028165681,0.06669875664805619
2025-12-30T16:00:00+00:00,18,LV,-0.1063712362869974,0.06850403051866014,-0.010266745917040453,0.06662131745429524
2025-12-30T16:00:00+00:00,18,MIA,-0.02481215080669169,0.0682474189709571,-0.040785766667108724,0.0673812300659641
2025-12-30T16:00:00+00:00,18,MIN,-0.06022644222301968,0.06809554932097245,0.06083770096905442,0.06698666044746092
2025-12-30T16:00:00+00:00,18,NE,0.04740198958158161,0.06789298208449517,-0.020288287096920595,0.06838310985947478
2025-12-30T16:00:00+00:00,18,NO,-0.06430473676082105,0.06671408544026905,0.0413555965482748,0.06743707577715578
2025-12-30T16:00:00+00:00,18,NYG,-0.03684820970005429,0.06783385852670074,-0.04318229000108933,0.06817807715769432
2025-12-30T16:00:00+00:00,18,NYJ,-0.10197972570230343,0.06695234033360191,-0.05081804900601585,0.0664556078280526
2025-12-30T16:00:00+00:00,18,PHI,0.002016028673284911,0.06704498064483153,0.07439347373446645,0.06710647982715925
2025-12-30T16:00:00+00:00,18,PIT,-4.8546272842010275e-05,0.06728703201537208,-0.012839916467213382,0.06599727319729211
2025-12-30T16:00:00+00:00,18,SEA,0.03798030680039693,0.06743640186537041,0.0800641003781308,0.06627412626936713
2025-12-30T16:00:00+00:00,18,SF,0.09347747595437322,0.0673665045855674,-0.0461379570568943,0.06836353329818182
2025-12-30T16:00:00+00:00,18,TB,-0.012559271440778159,0.0667485687973001,-0.010203198637343173,0.0674915945586524
2025-12-30T16:00:00+00:00,18,TEN,-0.05711430096775183,0.06741794932625547,-0.010916937302754767,0.06758563163214826
2025-12-30T16:00:00+00:00,18,WAS,0.0037058142942433137,0.06791430421200041,-0.08582117394316811,0.0670350881355513
2026-02-03T16:00:00+00:00,22,ARI,-0.005372462156992373,0.0700268056757751,-0.05321720063439978,0.06948867705522119
2026-02-03T16:00:00+00:00,22,ATL,-0.010928612761864135,0.06989344443409855,0.003818524689717974,0.0697378947723602
2026-02-03T16:00:00+00:00,22,BAL,0.02695159773772484,0.07060434637050442,-0.0077448020915335675,0.06992093416987516
2026-02-03T16:00:00+00:00,22,BUF,0.0956867818349037,0.06519476807966101,-0.00706532907594212,0.06654036092715829
2026-02-03T16:00:00+00:00,22,CAR,-0.021310274657079475,0.0694070747158225,-0.024957132509151218,0.06831068704260503
2026-02-03T16:00:00+00:00,22,CHI,0.035893470202003744,0.06508504692129183,-0.03190437892489277,0.06536475863917189
2026-02-03T16:00:00+00:00,22,CIN,0.04861916275120284,0.06960942518047447,-0.05992819363129523,0.07070692072933583
2026-02-03T16:00:00+00:00,22,CLE,-0.11861164907404215,0.07040889592568941,0.04307989587832606,0.06990956949438189
2026-02-03T16:00:00+00:00,22,DAL,0.04837521074874509,0.06952563762610287,-0.0981585622158889,0.07041347995656663
2026-02-03T16:00:00+00:00,22,DEN,-0.01103266934493112,0.06490794990319863,0.07059256190746267,0.06475972029020181
2026-02-03T16:00:00+00:00,22,DET,0.01476024848852047,0.06953752555133966,0.016441751777430336,0.06983480129887869
2026-02-03T16:00:00+00:00,22,GB,0.0495763135705347,0.06869065289286311,-0.032012756986903736,0.06762454373413097
2026-02-03T16:00:00+00:00,22,HOU,-0.033146998503936105,0.06537522758683852,0.11847155340249643,0.0662789629484551
2026-02-03T16:00:00+00:00,22,IND,0.04579935524159578,0.0704169602869683,-0.02328300539651888,0.06964901382232505
2026-02-03T16:00:00+00:00,22,JAX,0.03664292084109584,0.06824145016313381,0.03866621205636381,0.06826987484014378
2026-02-03T16:00:00+00:00,22,KC,-0.02514429975217603,0.07037674824530459,0.01765443210838925,0.06989272585569814
2026-02-03T16:00:00+00:00,22,LAC,-0.028345414649070203,0.06796324916412282,0.04924041737737185,0.06865570734804499
2026-02-03T16:00:00+00:00,22,LAR,0.10864137981903983,0.06321856248736918,0.019492443466150797,0.06349996706897224
2026-02-03T16:00:00+00:00,22,LV,-0.11157653530377704,0.07084532606271905,-0.0050897047464473965,0.06973370864804737
2026-02-03T16:00:00+00:00,22,MIA,-0.024829222346534903,0.07090410468994443,-0.05616312051670327,0.07022147530571538
2026-02-03T16:00:00+00:00,22,MIN,-0.05467681211360244,0.07064805008087957,0.08193773846130482,0.07029169016014393
2026-02-03T16:00:00+00:00,22,NE,0.04422004061499683,0.06408099909880838,0.054897654121228615,0.06411678996523505
2026-02-03T16:00:00+00:00,22,NO,-0.039599120795441645,0.07001743450639261,0.04596965280405481,0.07007015707272309
2026-02-03T16:00:00+00:00,22,NYG,-0.0036931287625623704,0.07013672400187417,-0.026483671134509397,0.07093991744019305
2026-02-03T16:00:00+00:00,22,NYJ,-0.09386882109334777,0.07020277345903941,-0.0833741801210513,0.0694810411538206
2026-02-03T16:00:00+00:00,22,PHI,-0.02340646772384383,0.06796151006817376,0.054133350892323566,0.06818569650243349
2026-02-03T16:00:00+00:00,22,PIT,-0.019533782622801997,0.06813460600472619,-0.02047648257832274,0.0681304268176331
2026-02-03T16:00:00+00:00,22,SEA,0.045861295827811815,0.06562468206857403,0.09098320532482206,0.06593611985390871
2026-02-03T16:00:00+00:00,22,SF,0.06525515811467775,0.06674344411331157,-0.053064717655007546,0.06654306373302551
2026-02-03T16:00:00+00:00,22,TB,0.0004128741964186276,0.0698058036469438,-0.014669251825928003,0.07086779697435283
2026-02-03T16:00:00+00:00,22,TEN,-0.05879337085544312,0.07016449029614326,-0.0415660043720246,0.07061615511041597
2026-02-03T16:00:00+00:00,22,WAS,0.017173832528174837,0.0710017989573984,-0.06622089985092262,0.06963515208273796
