forecast_as_of,family,target,optimizer_success,objective_value,raw_hessian_min_eigenvalue,raw_hessian_max_eigenvalue,nonpositive_eigenvalues,floored_eigenvalues,floored_fraction,stabilized_condition_number,covariance_clipped_eigenvalues,max_covariance_eigenvalue_reduction,optimizer_gradient_norm,status
2025-10-21T16:00:00+00:00,structural_gaussian_map_laplace,margin,True,21.375240514964037,2.053236767814844,26.680020675795394,0,0,0.0,12.994127659319869,0,0.0,1.2393828892003764e-05,ok
2025-10-21T16:00:00+00:00,structural_gaussian_map_laplace,total,True,20.734840495815355,1.8685609495637405,28.326922789876242,0,0,0.0,15.159753176095128,0,0.0,1.5888218581014714e-06,ok
2025-10-21T16:00:00+00:00,structural_student_t_map_laplace,margin,True,22.498218948069578,1.1792746640335365,25.036803927421385,0,0,0.0,21.230680765909664,0,0.0,3.924100536360748e-06,ok
2025-10-21T16:00:00+00:00,structural_student_t_map_laplace,total,True,21.729242090406494,0.9875135073930014,29.926746601516545,0,0,0.0,30.305151653593107,0,0.0,3.972054663867449e-06,ok
2025-10-28T16:00:00+00:00,structural_gaussian_map_laplace,margin,True,41.21702928627767,7.527006022798796,51.4054052245128,0,0,0.0,6.829462480674159,0,0.0,1.7404671422083514e-06,ok
2025-10-28T16:00:00+00:00,structural_gaussian_map_laplace,total,True,42.24012693714253,1.4042035835852624,53.359495245664775,0,0,0.0,37.99982842190548,0,0.0,1.5888218587491704e-06,ok
2025-10-28T16:00:00+00:00,structural_student_t_map_laplace,margin,True,42.29908137123026,1.1998632537241893,45.45539266416872,0,0,0.0,37.883810945190824,0,0.0,5.036339735381979e-05,ok
2025-10-28T16:00:00+00:00,structural_student_t_map_laplace,total,True,43.45383081349561,1.1699764895326423,46.35350205205418,0,0,0.0,39.61917394645298,0,0.0,5.411332273364836e-06,ok
2025-11-04T16:00:00+00:00,structural_gaussian_map_laplace,margin,True,57.26154057389746,1.5074495719512073,107.07280769674422,0,0,0.0,71.02911413358372,0,0.0,2.356603654347067e-06,ok
2025-11-04T16:00:00+00:00,structural_gaussian_map_laplace,total,True,60.82527857246602,5.52915215056926,79.54514503331092,0,0,0.0,14.38649956939985,0,0.0,5.02429587022347e-06,ok
2025-11-04T16:00:00+00:00,structural_student_t_map_laplace,margin,True,58.36905255246028,0.3879278608588027,115.96342692536298,0,0,0.0,298.93039048198483,0,0.0,9.612043973060203e-06,ok
2025-11-04T16:00:00+00:00,structural_student_t_map_laplace,total,True,62.00359324900465,1.316593907228858,67.13310772763494,0,0,0.0,50.98998814975184,0,0.0,7.685694817892703e-06,ok
2025-11-11T16:00:00+00:00,structural_gaussian_map_laplace,margin,True,75.48814451023291,3.5820939155802973,111.78351137448902,0,0,0.0,31.206192246464358,0,0.0,5.31721493346624e-06,ok
2025-11-11T16:00:00+00:00,structural_gaussian_map_laplace,total,True,80.84821446405951,7.2238366832330385,110.93762464432643,0,0,0.0,15.35716123010081,0,0.0,3.480934287637214e-06,ok
2025-11-11T16:00:00+00:00,structural_student_t_map_laplace,margin,True,76.62006844529897,1.236774140456772,106.37457711319362,0,0,0.0,86.00970349679756,0,0.0,0.000265046726304587,ok
2025-11-11T16:00:00+00:00,structural_student_t_map_laplace,total,True,81.16066645265333,0.8834518242462582,82.5647436686692,0,0,0.0,93.45698475308672,0,0.0,1.1099032347703292e-05,ok
2025-11-18T16:00:00+00:00,structural_gaussian_map_laplace,margin,True,93.84748477537367,4.826031217462424,127.14028028666385,0,0,0.0,26.344686670617,0,0.0,4.713207302153245e-06,ok
2025-11-18T16:00:00+00:00,structural_gaussian_map_laplace,total,True,100.36535586598092,12.72888462026003,138.02236441838164,0,0,0.0,10.843241064397523,0,0.0,3.4809342859263175e-06,ok
2025-11-18T16:00:00+00:00,structural_student_t_map_laplace,margin,True,94.99410734192185,1.2763520169315552,124.23081766592864,0,0,0.0,97.33272327534588,0,0.0,8.874675922920397e-06,ok
2025-11-18T16:00:00+00:00,structural_student_t_map_laplace,total,True,101.39196572233314,1.4979440771349237,115.68185999104084,0,0,0.0,77.22708861889046,0,0.0,3.8866103134283954e-05,ok
2025-11-25T16:00:00+00:00,structural_gaussian_map_laplace,margin,True,113.69471097526713,5.484308662840535,161.49387550724913,0,0,0.0,29.446532906046397,0,0.0,3.177643716506121e-06,ok
2025-11-25T16:00:00+00:00,structural_gaussian_map_laplace,total,True,121.21042590829468,16.730296805998318,164.15032541323254,0,0,0.0,9.811560865697235,0,0.0,1.5371389602761693e-05,ok
2025-11-25T16:00:00+00:00,structural_student_t_map_laplace,margin,True,114.80801041643339,1.2178827133053283,153.502474024657,0,0,0.0,126.04044079749845,0,0.0,1.8364471556285853e-05,ok
2025-11-25T16:00:00+00:00,structural_student_t_map_laplace,total,True,122.18254196282669,1.4749975534292932,137.24140779148894,0,0,0.0,93.04517656480836,0,0.0,1.626506666686687e-05,ok
2025-12-02T16:00:00+00:00,structural_gaussian_map_laplace,margin,True,130.00139534419958,8.241171691524752,198.6627009316511,0,0,0.0,24.106123299913346,0,0.0,5.684341872556013e-06,ok
2025-12-02T16:00:00+00:00,structural_gaussian_map_laplace,total,True,140.5603054255334,20.240385366322055,187.75378149250696,0,0,0.0,9.276195986115471,0,0.0,1.3024463489297956e-05,ok
2025-12-02T16:00:00+00:00,structural_student_t_map_laplace,margin,True,131.16948642725845,1.2795253395832837,188.43560678779113,0,0,0.0,147.26992968280013,0,0.0,5.194256930844686e-05,ok
2025-12-02T16:00:00+00:00,structural_student_t_map_laplace,total,True,141.37879875823995,1.4521762641869065,155.75235094541097,0,0,0.0,107.25443927608805,0,0.0,7.025395862434158e-05,ok
2025-12-09T16:00:00+00:00,structural_gaussian_map_laplace,margin,True,152.4841214152871,6.246526832118454,213.5472938921211,0,0,0.0,34.18656473131621,0,0.0,4.019436695300226e-06,ok
2025-12-09T16:00:00+00:00,structural_gaussian_map_laplace,total,True,162.2359236957539,24.30353299954612,211.0565775622109,0,0,0.0,8.684193263841617,0,0.0,6.961868575274428e-06,ok
2025-12-09T16:00:00+00:00,structural_student_t_map_laplace,margin,True,153.61042129430086,1.2583908461969926,203.219527819629,0,0,0.0,161.49158143813798,0,0.0,2.1078103960255464e-05,ok
2025-12-09T16:00:00+00:00,structural_student_t_map_laplace,total,True,162.92297758174828,1.5041012005188745,176.25886209844552,0,0,0.0,117.18550722361032,0,0.0,0.000457262820552087,ok
2025-12-16T16:00:00+00:00,structural_gaussian_map_laplace,margin,True,152.4841214152871,6.246526832118454,213.5472938921211,0,0,0.0,34.18656473131621,0,0.0,4.019436695300226e-06,ok
2025-12-16T16:00:00+00:00,structural_gaussian_map_laplace,total,True,162.2359236957539,24.30353299954612,211.0565775622109,0,0,0.0,8.684193263841617,0,0.0,6.961868575274428e-06,ok
2025-12-16T16:00:00+00:00,structural_student_t_map_laplace,margin,True,153.61042129430086,1.2583908461969926,203.219527819629,0,0,0.0,161.49158143813798,0,0.0,2.1078103960255464e-05,ok
2025-12-16T16:00:00+00:00,structural_student_t_map_laplace,total,True,162.92297758174828,1.5041012005188745,176.25886209844552,0,0,0.0,117.18550722361032,0,0.0,0.000457262820552087,ok
2025-12-23T16:00:00+00:00,structural_gaussian_map_laplace,margin,True,152.4841214152871,6.246526832118454,213.5472938921211,0,0,0.0,34.18656473131621,0,0.0,4.019436695300226e-06,ok
2025-12-23T16:00:00+00:00,structural_gaussian_map_laplace,total,True,162.2359236957539,24.30353299954612,211.0565775622109,0,0,0.0,8.684193263841617,0,0.0,6.961868575274428e-06,ok
2025-12-23T16:00:00+00:00,structural_student_t_map_laplace,margin,True,153.61042129430086,1.2583908461969926,203.219527819629,0,0,0.0,161.49158143813798,0,0.0,2.1078103960255464e-05,ok
2025-12-23T16:00:00+00:00,structural_student_t_map_laplace,total,True,162.92297758174828,1.5041012005188745,176.25886209844552,0,0,0.0,117.18550722361032,0,0.0,0.000457262820552087,ok
2025-12-30T16:00:00+00:00,structural_gaussian_map_laplace,margin,True,216.8311314886508,30.48594055571198,256.035954215658,0,0,0.0,8.398492864202806,0,0.0,2.493994879090275e-05,ok
2025-12-30T16:00:00+00:00,structural_gaussian_map_laplace,total,True,226.0482520607252,28.046318790559784,294.28472361197726,0,0,0.0,10.492811046240822,0,0.0,1.0247593072518957e-05,ok
2025-12-30T16:00:00+00:00,structural_student_t_map_laplace,margin,True,218.20973624943514,1.668140521541819,243.3419184885208,0,0,0.0,145.8761509273848,0,0.0,0.00017977714159687726,ok
2025-12-30T16:00:00+00:00,structural_student_t_map_laplace,total,True,227.56620563239758,2.1579573549770634,259.8295538302326,0,0,0.0,120.40532368768442,0,0.0,1.063442994704862e-05,ok
2026-02-03T16:00:00+00:00,structural_gaussian_map_laplace,margin,True,259.4501762326944,36.83787970344919,306.55579409519544,0,0,0.0,8.321754578792767,0,0.0,8.038873392692236e-06,ok
2026-02-03T16:00:00+00:00,structural_gaussian_map_laplace,total,True,268.9737647702121,47.54026044560071,341.4241897536586,0,0,0.0,7.181790477238612,0,0.0,2.9536706877829047e-05,ok
2026-02-03T16:00:00+00:00,structural_student_t_map_laplace,margin,True,260.9324017450147,1.8156153869464908,291.61676488071373,0,0,0.0,160.61593604973572,0,0.0,0.0003740452456763867,ok
2026-02-03T16:00:00+00:00,structural_student_t_map_laplace,total,True,270.49498090681453,2.1768522790454297,303.43636004414964,0,0,0.0,139.39226054291996,0,0.0,3.113442291619258e-05,ok
