2024-09-05	404
2024-09-12	404
2024-09-19	404
2024-09-26	404
2024-10-03	404
2024-10-10	404
2024-10-17	404
2024-10-24	404
2024-10-31	404
2024-11-07	404
2024-11-14	404
2024-11-21	404
2024-11-28	404
2024-12-05	404
2024-12-12	404
2024-12-19	404
2024-12-26	404
2025-01-02	404
2025-01-09	404
2025-01-16	404
2025-01-23	404
2025-01-30	404
2025-02-06	404
2025-02-13	404
2023-09-07	404
2023-09-14	404
2023-09-21	404
2023-09-28	404
2023-10-05	404
2023-10-12	404
2023-10-19	404
2023-10-26	404
2023-11-02	404
2023-11-09	404
2023-11-16	404
2023-11-23	404
2023-11-30	404
2023-12-07	404
2023-12-14	404
2023-12-21	404
2023-12-28	404
2024-01-04	404
2024-01-11	404
2024-01-18	404
2024-01-25	404
2024-02-01	404
2024-02-08	404
2024-02-15	404
